{"cameraMode":{"drawMode":0,"name":"Shaded","section":"Shading Mode"},"sceneLighting":false,"audioPlay":false,"sceneViewState":{"m_AlwaysRefresh":false,"showFog":true,"showSkybox":false,"showFlares":true,"showImageEffects":true,"showParticleSystems":true,"showVisualEffectGraphs":true,"m_FxEnabled":true},"in2DMode":false,"pivot":{"x":-0.5268173217773438,"y":4.799999713897705,"z":3.2749998569488527},"rotation":{"x":0.04489269107580185,"y":-0.7619047164916992,"z":-0.053116679191589358,"w":-0.6439647674560547},"size":1.7679436206817628,"orthographic":false}