{"cameraMode":{"drawMode":0,"name":"Shaded","section":"Shading Mode"},"sceneLighting":true,"audioPlay":false,"sceneViewState":{"m_AlwaysRefresh":false,"showFog":true,"showSkybox":true,"showFlares":true,"showImageEffects":true,"showParticleSystems":true,"showVisualEffectGraphs":true,"m_FxEnabled":true},"in2DMode":false,"pivot":{"x":1.5856740474700928,"y":1.4759081602096558,"z":-11.341375350952149},"rotation":{"x":-0.090062215924263,"y":0.6013932228088379,"z":-0.06851233541965485,"w":-0.7909441590309143},"size":0.10931183397769928,"orthographic":false}