{"cameraMode":{"drawMode":0,"name":"Shaded","section":"Shading Mode"},"sceneLighting":true,"audioPlay":false,"sceneViewState":{"m_AlwaysRefresh":false,"showFog":true,"showSkybox":true,"showFlares":true,"showImageEffects":true,"showParticleSystems":true,"showVisualEffectGraphs":true,"m_FxEnabled":true},"in2DMode":false,"pivot":{"x":-2.741647720336914,"y":4.188632488250732,"z":-0.5858610272407532},"rotation":{"x":-0.028549684211611749,"y":0.6350815892219544,"z":-0.02337143011391163,"w":-0.7717223167419434},"size":1.4130022525787354,"orthographic":false}