{"cameraMode":{"drawMode":0,"name":"Shaded","section":"Shading Mode"},"sceneLighting":true,"audioPlay":false,"sceneViewState":{"m_AlwaysRefresh":false,"showFog":true,"showSkybox":true,"showFlares":true,"showImageEffects":true,"showParticleSystems":true,"showVisualEffectGraphs":true,"m_FxEnabled":true},"in2DMode":false,"pivot":{"x":5.685096740722656,"y":1.1416348218917847,"z":0.5731589794158936},"rotation":{"x":0.011593063361942768,"y":-0.42039960622787478,"z":0.005661356262862682,"w":0.9074702858924866},"size":2.2262370586395265,"orthographic":false}