{"cameraMode":{"drawMode":0,"name":"Shaded","section":"Shading Mode"},"sceneLighting":true,"audioPlay":false,"sceneViewState":{"m_AlwaysRefresh":false,"showFog":true,"showSkybox":true,"showFlares":true,"showImageEffects":true,"showParticleSystems":true,"showVisualEffectGraphs":true,"m_FxEnabled":true},"in2DMode":false,"pivot":{"x":11.634843826293946,"y":5.530557155609131,"z":-2.6257808208465578},"rotation":{"x":0.08439356088638306,"y":-0.6992573142051697,"z":0.08408481627702713,"w":0.7050654888153076},"size":0.34772711992263796,"orthographic":false}