{"cameraMode":{"drawMode":0,"name":"Shaded","section":"Shading Mode"},"sceneLighting":true,"audioPlay":false,"sceneViewState":{"m_AlwaysRefresh":false,"showFog":true,"showSkybox":true,"showFlares":true,"showImageEffects":true,"showParticleSystems":true,"showVisualEffectGraphs":true,"m_FxEnabled":true},"in2DMode":false,"pivot":{"x":7.0685858726501469,"y":-0.5627033710479736,"z":9.40725326538086},"rotation":{"x":0.10418222099542618,"y":-0.023816317319869996,"z":0.0033839582465589048,"w":0.9945110082626343},"size":6.305996894836426,"orthographic":false}