{"cameraMode":{"drawMode":0,"name":"Shaded","section":"Shading Mode"},"sceneLighting":true,"audioPlay":false,"sceneViewState":{"m_AlwaysRefresh":false,"showFog":true,"showSkybox":true,"showFlares":true,"showImageEffects":true,"showParticleSystems":true,"showVisualEffectGraphs":true,"m_FxEnabled":true},"in2DMode":false,"pivot":{"x":-5.407905578613281,"y":-2.3911705017089845,"z":-12.186911582946778},"rotation":{"x":-0.05163395777344704,"y":0.8606465458869934,"z":-0.08881734311580658,"w":-0.49908140301704409},"size":10.744592666625977,"orthographic":false}