{"cameraMode":{"drawMode":0,"name":"Shaded","section":"Shading Mode"},"sceneLighting":true,"audioPlay":false,"sceneViewState":{"m_AlwaysRefresh":false,"showFog":true,"showSkybox":true,"showFlares":true,"showImageEffects":true,"showParticleSystems":true,"showVisualEffectGraphs":true,"m_FxEnabled":true},"in2DMode":false,"pivot":{"x":17.7332706451416,"y":13.520962715148926,"z":20.290876388549806},"rotation":{"x":0.03172362968325615,"y":0.34926411509513857,"z":-0.011943205259740353,"w":0.9365537166595459},"size":12.12435531616211,"orthographic":false}