{"cameraMode":{"drawMode":0,"name":"Shaded","section":"Shading Mode"},"sceneLighting":false,"audioPlay":false,"sceneViewState":{"m_AlwaysRefresh":false,"showFog":true,"showSkybox":false,"showFlares":true,"showImageEffects":true,"showParticleSystems":true,"showVisualEffectGraphs":true,"m_FxEnabled":true},"in2DMode":false,"pivot":{"x":0.057065874338150027,"y":3.8144240379333498,"z":3.3414511680603029},"rotation":{"x":0.1316167563199997,"y":-0.0011939897667616606,"z":0.00015932680980768055,"w":0.9913023710250855},"size":0.7175621390342712,"orthographic":false}