{"cameraMode":{"drawMode":0,"name":"Shaded","section":"Shading Mode"},"sceneLighting":false,"audioPlay":false,"sceneViewState":{"m_AlwaysRefresh":false,"showFog":true,"showSkybox":false,"showFlares":true,"showImageEffects":true,"showParticleSystems":true,"showVisualEffectGraphs":true,"m_FxEnabled":true},"in2DMode":false,"pivot":{"x":0.0707864761352539,"y":0.8535093069076538,"z":1.1920928955078126e-7},"rotation":{"x":-0.08148486912250519,"y":-0.4914759397506714,"z":0.04638785868883133,"w":-0.8658754825592041},"size":1.1427333354949952,"orthographic":false}