{"cameraMode":{"drawMode":0,"name":"Shaded","section":"Shading Mode"},"sceneLighting":false,"audioPlay":false,"sceneViewState":{"m_AlwaysRefresh":false,"showFog":true,"showSkybox":false,"showFlares":true,"showImageEffects":true,"showParticleSystems":true,"showVisualEffectGraphs":true,"m_FxEnabled":true},"in2DMode":false,"pivot":{"x":-0.000008344650268554688,"y":0.7635954022407532,"z":-0.0025591254234313967},"rotation":{"x":-0.07621157169342041,"y":0.8626466989517212,"z":-0.13644073903560639,"w":-0.48140937089920046},"size":1.1783571243286133,"orthographic":false}